name,
A. Lange & Söhne
ABP Paris
Accutron
AD-Chronographen
Aerowatch
Aigle
Aigner
Alain Silberstein
Alexander Shorokhoff
Alfred Dunhill
Alfred Rochat & Fils
Alpina
Andersen Genève
Andreas Strehler
Angelus
Angular Momentum
Anonimo
Apple
Aquanautic
Aquastar
Aristo
Armand Nicolet
Armani
Armin Strom
Arnold & Son
Artisanal
Artya
Askania
Ateliers deMonaco
Atlantic
Audemars Piguet
Auguste Reymond
Auricoste
Avier
Azimuth
Azzaro
B.R.M
Ball
Balmain
Baltic
Barington
Baume & Mercier
Bedat & Co
Behrens
Bell & Ross
Benrus
Benzinger
Berne
Bertolucci
Beuchat
Bifora
Black-Out Concept
Blacksand
Blancier
Blancpain
blu
Boegli
Bogner Time
Boldr
Bomberg
Borgeaud
Boucheron
Bovet
Breguet
Breil
Breitling
Bremont
Brior
Bruno Söhnle
Bulgari
Bulova
Bunz
Burberry
BWC-Swiss
C.H. Wolf
Cabestan
Cadet Chronostar
Camel Active
Camille Fournet
Candino
Carl F. Bucherer
Carlo Ferrara
Carlo Maroni
Cartier
Casio
Catamaran
Catena
Catorex
Cattin
Century
Cerruti
Certina
Chanel
Charmex
Charriol
Chase-Durer
Chaumet
Chopard
Chris Benz
Christiaan v.d. Klaauw
Christofle
Christophe Claret
Christopher Ward
Chronographe Suisse Cie
Chronoswiss
Churpfälzische Uhrenmanufaktur
Citizen
ck Calvin Klein
Claude Bernard
Claude Meylan
Clerc
Concord
Condor
Cornehl
Cornelius & Cie
Cortébert
Corum
Creo
Crockett & Jones
Cronus
Cuervo y Sobrinos
Cvstos
CWC
Cyclos
Cyma
Cyrus
Czapek
D.Dornblüth & Sohn
Damasko
Daniel Roth
Dark Rush
Davidoff
Davosa
De Bethune
Decade
Deep Blue
De Grisogono
DeLaCour
DeLaneau
Delma
Devon
Dewitt
Diesel
Dietrich
Dior
Dodane
Dolce & Gabbana
Dom Baiz International
Doxa
Dubey & Schaldenbrand
DuBois 1785
DuBois et fils
Dufeau
Dugena
Dürmeister
Ebel
Eberhard & Co.
Edox
Egotempo
Eichmüller
El Charro
Election
Elgin
Elysee
Engelhardt
Enicar
Ennebi
Epos
Ernest Borel
Ernst Benz
Erwin Sattler
Esprit
Eterna
Eulit
Eulux
F.P.Journe
Fabergé
Favre-Leuba
Feldo
Fendi
Festina
Fiorucci
Flik Flak
Fluco
Fludo
Formex
Fortis
Forum
Fossil
Franck Dubarry
Franck Muller
Franc Vila
Frederique Constant
Furlan Marri
Gaga Milano
Gallet
Gant
Gardé
Garmin
Georges V
Gerald Charles
Gérald Genta
Germano & Walter
Gevril
Gigandet
Girard Perregaux
Giuliano Mazzuoli
Glashütte Original
Glycine
Graf
Graham
Grand Seiko
Greubel Forsey
Grönefeld
Grovana
Gruen
Gübelin
GUB Glashütte
Gucci
Guess
Gul Watches
Guy Laroche
H.I.D. Watch
H.Moser & Cie.
Habring²
Hacher
Haemmer
Hagal
Hamilton
Hanhart
Harry Winston
Hautlence
HD3
Hebdomas
Hebe
Helvetia
Hentschel Hamburg
Hermès
Herzog
Heuer
Hirsch
Hublot
Hugo Boss
HYT
Ice Watch
Ikepod
Illinois
Ingersoll
Invicta
Iron Annie
Itay Noy
IWC
Jacob & Co.
Jacques Etoile
Jacques Lemans
Jaeger-LeCoultre
Jaermann & Stübi
Jaquet-Droz
JB Gioacchino
Jean d'Eve
Jean Lassale
Jean Marcel
JeanRichard
Joop
Jorg Hysek
Jules Jürgensen
Junghans
Junkers
Justex
Juvenia
Kelek
KHS
KHS-Watch
Kienzle
Kleber Uhrenatelier
Kobold
Konstantin Chaykin
Korloff
Krieger
Kronsegler
L.Leroy
L'Epée
Laco
Lacoste
Lancaster
Lanco
Lang & Heyne
Laurent Ferrier
Lebeau-Courally
Leinfelder
Lemania
Leonidas
Limes
Lindburgh + Benson
Linde Werdelin
Lip
Liv Watches
Locman
Longines
Longio
Lorenz
Lorus
Louis Erard
Louis Moinet
Louis Vuitton
Louis XVI
Lucien Rochat
Ludovic Ballouard
Luminox
Lüm-Tec
M.A.D. Editions
M&M Swiss Watch
Marburger
Marcello C.
Margi
Marlboro
Martin Braun
Marvin
Maserati
Mathey-Tissot
Mauboussin
Maurice Blum
Maurice de Mauriac
Maurice Lacroix
MB&F
Meccaniche Veloci
Meistersinger
Mercure
Mercury
Meva
MEXX Time
Meyers
Michael Bittel
Michael Kors
Michele
Michel Herbelin
Michel Jordi
Mido
Milleret
Milus
Minerva
Ming
Momentum
Momo Design
Mondaine
Mondia
Montano
Montblanc
Montega
Morellato
Moritz Grossmann
Movado
Mühle Glashütte
N.B. Yäeger
N.O.A
Naj-Oleari
Nautica
Nauticfish
Nethuns
Nike
Nina Ricci
Nivada
Nivrel
Nixon
NOMOS
Norqain
Nouvelle Horlogerie Calabrese (NHC)
ODM
Officina del Tempo
Offshore Limited
Ollech & Wajs
Omega
Orator
Orbita
Orfina
Orient
Oris
Otumm
Out of Order
Pacardt
Panerai
Parmigiani Fleurier
Patek Philippe
Paul Picot
Pequignet
Perigáum
Perrelet
Perseo
Phantoms
Philip Stein
Philip Watch
Piaget
Pierre Balmain
Pierre Cardin
Pierre DeRoche
Pierre Kunz
Police
Poljot
Porsche Design
Preisig Schaffhausen
Prim
Pro-Hunter
Pryngeps
Pulsar
Puma
Quinting
Rado
Raidillon
Rainer Brand
Rainer Nienaber
Raketa
Ralf Tech
Ralph Lauren
Raymond Weil
Rebellion
Record
REC Watches
René Mouris
Ressence
Revue Thommen
RGM
Richard Mille
Rios1931
Roamer
Roger Dubuis
Rolex
Rolf Lang
Romain Jerome
Rotary
Rothenschild
ROWI
RSW
Ryser Kentfield
S.Oliver
S.T. Dupont
Salvatore Ferragamo
Sandoz
Sarcar
Scalfaro
Schäuble & Söhne
Schaumburg
Schwarz Etienne
Sea-God
Sea-Gull
Sector
Seiko
Sekford
Sevenfriday
Shinola
Sicura
Sinn
Skagen
Slava
Snyper
Sothis
Speake-Marin
Spinnaker
Squale
St. Gallen
Starkiin
Steelcraft
Steinhart
Stowa
Strom
Stuhrling
Swatch
Swiss Military
TAG Heuer
Tavannes
TB Buti
Technomarine
Technos
Tecnotempo
Temption
Tempvs Compvtare
Tendence
Terra Cielo Mare
Theorein
Thomas Ninchritz
Thorr
Tiffany
Timberland Watches
Timex
Tissot
Titus
Tokyo Flash
Tommy Hilfiger
Tonino Lamborghini
Torrini
Traser
Tudor
Tutima
TW Steel
Ublast
U-Boat
Ulysse Nardin
Unikatuhren
Union Glashütte
Universal Genève
Urban Jürgensen
Urwerk
Vacheron Constantin
Valbray
Valentino
Van Cleef & Arpels
Van Der Bauwede
Vangarde
Venezianico
Ventura
Versace
Vianney Halter
Viceroy
Victorinox Swiss Army
Vigoria Miletto
Villemont
Vincent Calabrese
Visconti
Vixa
Vogard
Vollmer
Volna
Von Wangenheim
Vostok
Voutilainen
Vulcain
Wakmann
Waltham
Welder
Wempe
Wenger
Werenbach
Wittnauer
Wyler
Wyler Vetta
Xemex
Xetum
Yantar
Yema
Yes Watch
Yves Saint Laurent
Zeitwinkel
Zelos
Zenith
Zeno-Watch Basel
ZentRa
Zeppelin
Zodiac
ZRC
