name,slug,type,inhouse
Seiko Caliber 6R51,seiko-caliber-6r51,Automatic,
IWC Caliber 69385,iwc-caliber-69385,Automatic,
Omega Caliber 3330,omega-caliber-3330,Automatic,
Zenith Caliber Elite 681,zenith-caliber-elite-681,Automatic,
Tissot Caliber 784-2,tissot-caliber-784-2,Automatic,
Longines Caliber L893.5,longines-caliber-l893-5,Automatic,
ETA Caliber 2000-1,eta-caliber-2000-1,Automatic,
PTS Resources Caliber LTTR001,pts-caliber-lttr001,Automatic,
Orient Caliber F6L24,orient-caliber-f6l24,Automatic,
Raymond Weil Caliber RW4251,raymond-weil-caliber-rw4251,Automatic,
Orient Caliber F6B22,orient-caliber-f6b22,Automatic,
Oris Caliber 641,oris-caliber-641,Automatic,
Oris Caliber 645,oris-caliber-645,Automatic,
Oris Caliber 644,oris-caliber-644,Automatic,
PTS Resources Caliber DG-2813,pts-caliber-dg-2813,Automatic,
PTS Resources Caliber G3265ZH,pts-resources-caliber-g3265z,Automatic,
Longines Caliber L687,longines-caliber-l687,Automatic,
IWC Caliber 32150,iwc-caliber-32150,Automatic,
Slava Caliber 2427,slava-caliber-2427,Automatic,
Omega Caliber 1150,omega-caliber-1150,Automatic,
Omega Caliber 9904,omega-caliber-9904,Automatic,
Hermes Caliber H1837,hermes-caliber-h1837,Automatic,
Baume & Mercier Caliber BM 12800,baume-mercier-caliber-bm12800,Automatic,
Orient Caliber 40N52,orient-caliber-40n52,Automatic,
Seiko Caliber 5206,seiko-caliber-5206,Automatic,
ETA Powermatic 80.611,eta-powermatic-80-611,Automatic,
IWC Caliber 32111,iwc-caliber-32111,Automatic,
Seiko Caliber NE57,seiko-caliber-ne57,Automatic,
Invicta Caliber JSD-006ZY,invicta-caliber-jsd-006zy,Automatic,
Tissot Caliber 784-1,tissot-caliber-784-1,Automatic,
Agelocer Caliber A4610,agelocer-caliber-a4610,Automatic,
Longines Caliber L899.2,longines-caliber-l899-2,Automatic,
Tudor Caliber MT5813,tudor-caliber-mt5813,Automatic,
Seagull Caliber ST1701,seagull-caliber-st1701,Automatic,
Seiko Caliber 6R5J,seiko-caliber-6r5j,Automatic,
Ball Watch Caliber RRM7309-C,ball-caliber-rrm7309-c,Automatic,
RSW Caliber RW24,rsw-caliber-rw24,Automatic,
Swiss Technology Production Caliber STP5-15,swisstp-caliber-stp5-15,Automatic,
Raymond Weil Caliber RW5200,raymond-weil-caliber-rw5200,Automatic,
Cartier Caliber 1847 MC,cartier-caliber-1847-mc,Automatic,
Raymond Weil Caliber RW4280,raymond-weil-caliber-rw4280,Automatic,
Mühle-Glashütte Caliber SW 280-1,muhle-glashutte-caliber-sw-280-1-version-muhle,Automatic,
Sellita Caliber SW280-1,sellita-caliber-sw280-1,Automatic,
Citizen Caliber 8210,citizen-caliber-8210,Automatic,
Citizen Caliber 8310,citizen-caliber-8310,Automatic,
Breitling Caliber B20,breitling-caliber-b20,Automatic,
Timex Caliber 02N,timex-caliber-02n,Automatic,
NOMOS Caliber DUW 3001,nomos-caliber-duw-3001,Automatic,
Seiko Epson Caliber YN71,seiko-epson-caliber-yn71,Automatic,
Longines Caliber L688.2,longines-caliber-l688-2,Automatic,
Citizen Caliber 9054,citizen-caliber-9054,Automatic,
Hangzhou Caliber 2C10,hangzhou-caliber-2c10,Automatic,
Hangzhou Caliber 2C30,hangzhou-caliber-2c30,Automatic,
Orient Caliber 46941,orient-caliber-46941,Automatic,
Longines Caliber L844.5,longines-caliber-l844-5,Automatic,
Longines Caliber L844.4,longines-caliber-l844-4,Automatic,
Oskar Pascal Caliber OP-X,oskar-pascal-caliber-op-x,Automatic,
Citizen Caliber 9011,citizen-caliber-9011,Automatic,
Carl F. Bucherer Caliber CFB T3000,carl-f-bucherer-caliber-cfb-t3000,Automatic,
Raymond Weil Caliber RW1212,raymond-weil-caliber-rw1212,Automatic,
Seiko Caliber 6L35,seiko-caliber-6l35,Automatic,
Seiko Caliber 6L37,seiko-caliber-6l37,Automatic,
Chronode Caliber C102,chronode-caliber-c102,Automatic,
ETA Caliber C07.XXX,eta-caliber-c07-xxx,Automatic,
Zenith Caliber Elite 670 SK,zenith-caliber-elite-670-sk,Automatic,
Dubois Dépraz Caliber 2035M (SW300-1),dubois-depraz-caliber-2035m,Automatic,
ETA Caliber 2896,eta-caliber-2896,Automatic,
Breitling Caliber 49,breitling-caliber-49,Automatic,
IWC Caliber 69380,iwc-caliber-69380,Automatic,
Sellita Caliber SW510 BH a,sellita-caliber-sw510-bh-a,Automatic,
MB&F Caliber HM8 Mark 2,mbf-caliber-hm8-mark-2,Automatic,
Rolex Caliber 4132,rolex-caliber-4132,Automatic,
Ingersoll Caliber 522,ingersoll-caliber-522,Automatic,
Eterna Caliber 3030,eterna-caliber-3030,Automatic,
Seiko Caliber 6106C,seiko-caliber-6106c,Automatic,
Patek Philippe Caliber 31-260 PS FUS 24H,patek-philippe-caliber-31-260-ps-fus-24h,Automatic,
TAG Heuer Caliber TH20-09,tag-heuer-caliber-th20-09,Automatic,
TAG Heuer Caliber TH20-00,tag-heuer-caliber-th20-00,Automatic,
TAG Heuer Caliber Heuer 02,tag-heuer-caliber-heuer-02,Automatic,
Grand Seiko Caliber 9SC5,grand-seiko-caliber-9sc5,Automatic,
Rolex Caliber 7140,rolex-caliber-7140,Automatic,
Sellita Caliber SW261-1,sellita-caliber-sw261-1,Automatic,
Gerald Charles Caliber GCA 302412,gerald-charles-caliber-gca-3024-12/,Automatic,
Vaucher Fleurier Caliber SEED VMF 3024,vaucher-fleurier-caliber-seed-vmf-3024,Automatic,
La Joux-Perret Caliber LJP-G101,la-joux-perret-caliber-ljp-g101,Automatic,
SIITMI Caliber NE86A,seiko-caliber-ne86/,Automatic,
Seiko Caliber 6R54,seiko-caliber-6r54,Automatic,
Jaeger-LeCoultre Caliber JLC 899,jaeger-lecoultre-caliber-jlc-899,Automatic,
Junghans Caliber J880.1,junghans-caliber-j880-1,Automatic,
Blancpain Caliber 13P8,blancpain-caliber-13p8,Automatic,
Sellita Caliber SW240-1,sellita-caliber-sw240-1,Automatic,
Davosa Caliber DAV 3023,davosa-caliber-dav-3023,Automatic,
Seiko Caliber 6R55,seiko-caliber-6r55,Automatic,
Miyota Caliber 8285,miyota-caliber-8285,Automatic,
Omega Caliber 1128,omega-caliber-1128,Automatic,
Hamilton Caliber H-13,hamilton-caliber-h-13,Automatic,
Hamilton Caliber H-30,hamilton-caliber-h-30,Automatic,
Patek Philippe Caliber PP 240,patek-philippe-caliber-pp-240,Automatic,
Omega Caliber 1109,omega-caliber-1109,Automatic,
Oris Caliber 400,oris-caliber-400,Automatic,
Hangzhou Caliber 6460,hangzhou-caliber-6460,Automatic,
ETA caliber C01.211,eta-caliber-c01-211,Automatic,
Omega Caliber 9920,omega-caliber-9920,Automatic,
ETA Caliber 2834-2,eta-caliber-2834-2,Automatic,
Hamilton caliber H-12,hamilton-caliber-h-12,Automatic,
Seiko Caliber Y676,seiko-caliber-y676,Automatic,
Omega Caliber 1120,omega-caliber-1120,Automatic,
Mingzhu Caliber DG5833,mingzhu-caliber-dg5833,Automatic,
Miyota caliber 8315,miyota-caliber-8315,Automatic,
Baume et Mercier Baumatic,baume-et-mercier-baumatic,Automatic,
Davosa Caliber DAV 3021,davosa-caliber-dav-3021,Automatic,
Sellita Caliber SW288-1,sellita-caliber-sw288-1,Automatic,
Miyota Caliber 8N26,miyota-caliber-8n26,Automatic,
Alpina Caliber AL-525,alpina-caliber-al-525,Automatic,
Orient Caliber 55741,orient-caliber-55741,Automatic,
H. Moser & Cie Caliber HMC 804,h-moser-caliber-hmc-804,Automatic,
IWC Caliber 82650,iwc-caliber-82650,Automatic,
Seagull Caliber TY2807,seagull-caliber-ty2807,Automatic,
Miyota Caliber 9075,miyota-caliber-9075,Automatic,
Sellita Caliber SW500,sellita-caliber-sw500,Automatic,
Oris Caliber 674,oris-caliber-674,Automatic,
ETAValjoux Caliber A05.231,eta-valjoux-caliber-a05-231/,Automatic,
Tudor Caliber MT5402,tudor-caliber-mt5402,Automatic,
Tudor Caliber MT5400,tudor-caliber-mt5400,Automatic,
Omega Caliber 563,omega-caliber-563,Automatic,
Omega Caliber 562,omega-caliber-562,Automatic,
Seiko Caliber 6R20,seiko-caliber-6r20,Automatic,
Rolex Caliber 3230,rolex-caliber-3230,Automatic,
ETA Caliber 2894-2,eta-caliber-2894-2,Automatic,
Rolex Caliber 3185,rolex-caliber-3185,Automatic,
Seiko Caliber Y675,seiko-caliber-y675,Automatic,
Sellita Caliber SW400-1,sellita-caliber-sw400-1,Automatic,
ETA Caliber 2897,eta-caliber-2897,Automatic,
ETAValjoux Caliber 7755,eta-valjoux-caliber-7755/,Automatic,
La Joux-Perret Caliber LJP-G100,la-joux-perret-caliber-ljp-g100,Automatic,
Rado Caliber 657,rado-caliber-657,Automatic,
ETA Caliber 2899,eta-caliber-2899,Automatic,
Soprod Caliber P024,soprod-caliber-p024,Automatic,
Seagull Caliber TY2809,seagull-caliber-ty2809,Automatic,
Sellita Caliber SW330-2,sellita-caliber-sw330-2,Automatic,
TAG Heuer Calibre 8,tag-heuer-caliber-8,Automatic,
Miyota Caliber 8245,miyota-caliber-8245,Automatic,
Omega Caliber 8804,omega-caliber-8804,Automatic,
NOMOS Caliber DUW 5101,nomos-caliber-duw-5101,Automatic,
Rolex Caliber 3131,rolex-caliber-3131,Automatic,
NOMOS Caliber DUW 5201,nomos-caliber-duw-5201,Automatic,
Breitling Caliber B01,breitling-caliber-b01,Automatic,
Jaeger-LeCoultre Caliber JLC 770,jaeger-lecoultre-caliber-770,Automatic,
Seiko Caliber 8R46,seiko-caliber-8r46,Automatic,
Miyota Caliber 9015 GILT,miyota-caliber-9015-gilt,Automatic,
Sellita Caliber SW220-1,sellita-caliber-sw220-1,Automatic,
Omega Caliber 8803,omega-caliber-8803,Automatic,
Omega Caliber 8802,omega-caliber-8802,Automatic,
Omega Caliber 8801,omega-caliber-8801,Automatic,
Omega Caliber 8800,omega-caliber-8800,Automatic,
Clerc Caliber C609,clerc-caliber-c609,Automatic,
SII (Seiko Instruments) Caliber NE20,seiko-caliber-ne20,Automatic,
Oris Caliber 401,oris-caliber-401,Automatic,
Miyota Caliber 9019,miyota-caliber-9019,Automatic,
Longines Caliber L888.4,longines-caliber-l888-4,Automatic,
ETA Caliber A31.L11,eta-caliber-a31-l11,Automatic,
MiyotaCitizen Caliber 9051,miyota-caliber-9051/,Automatic,
Orient Caliber F6N43,orient-caliber-f6n43,Automatic,
Breitling Caliber 32,breitling-caliber-32,Automatic,
TAG Heuer Calibre 7,tag-heuer-caliber-7,Automatic,
Montblanc Caliber 4810-503,montblanc-caliber-4810-503,Automatic,
Seagull Caliber TY2542,seagull-caliber-ty2542,Automatic,
Landeron Caliber Landeron24 (L24),landeron-caliber-landeron24-l24,Automatic,
Glycine Caliber GL293,glycine-caliber-gl-293,Automatic,
Orient Caliber F4902,orient-caliber-f4902,Automatic,
Seiko (SII) Caliber NH72,seiko-caliber-nh72,Automatic,
Seiko Caliber 4R34,seiko-caliber-4r34,Automatic,
Mido Caliber 60,mido-caliber-60,Automatic,
Seiko Caliber 6R31,seiko-caliber-6r31,Automatic,
Miyota Caliber 8N24,miyota-caliber-8n24,Automatic,
Sellita Caliber SW510-1,sellita-caliber-sw330-11111,Automatic,
Miyota Caliber 8247,miyota-caliber-8247,Automatic,
Orient Caliber F6N47,orient-caliber-f6n47,Automatic,
PTS Resources LTD Caliber PTS Z2031,pts-resources-caliber-z2031,Automatic,
Gucci Caliber GG.V838.MP,gucci-caliber-gg-v838-mp,Automatic,
Gucci Caliber GG727.25.T,gucci-caliber-gg727-25-t-2,Automatic,
Vacheron Constantin Caliber 1137,vacheron-constantin-caliber-1137,Automatic,
Blancpain Caliber F185,blancpain-caliber-f185,Automatic,
Breitling Caliber 17,breitling-caliber-b17,Automatic,
Hublot Caliber HUB9011,hublot-caliber-hub9011,Automatic,
Zenith El Primero Caliber 3620,zenith-el-primero-caliber-3620,Automatic,
Urwerk Caliber UR-10.01,urwerk-caliber-ur-10-01,Automatic,
Omega Caliber 9900,omega-caliber-9900,Automatic,
Longines Caliber L888,longines-caliber-l888,Automatic,
Longines Caliber L888 ND,longines-caliber-l888-nd,Automatic,
Miyota Caliber 8219,miyota-caliber-8219,Automatic,
ETA Caliber 2825-2,eta-caliber-2825-2,Automatic,
Seiko Caliber 6R64,seiko-caliber-6r64,Automatic,
Grand Seiko Caliber 9R65,grand-seiko-caliber-9r65,Automatic,
Shinola Caliber Argomatic R-150,shinola-caliber-argomatic-r-150,Automatic,
Ronda Caliber R150,ronda-caliber-r150,Automatic,
S. Epson Caliber YN55A,seiko-epson-caliber-yn55a,Automatic,
ETA Caliber 2872,eta-caliber-2872,Automatic,
ETA Caliber 2870,eta-caliber-2870,Automatic,
ETA Caliber 2878,eta-caliber-2878,Automatic,
Tudor Caliber T600,tudor-caliber-t600,Automatic,
Miyota Caliber 8205,miyota-caliber-8205,Automatic,
Miyota Caliber 8203,miyota-caliber-8203,Automatic,
Orient Caliber F6222,orient-caliber-f6222,Automatic,
Orient Caliber F6T22,orient-caliber-f6t22,Automatic,
Tudor Caliber T601,tudor-caliber-t601,Automatic,
ETA 2700 Series,eta-2700-series,Automatic,
ETA 2600 Series,eta-2600-series,Automatic,
Yema Caliber MBP1000,yema-caliber-mbp1000,Automatic,
PBR Caliber PBR D-82,pbr-caliber-d-82,Automatic,
Miyota Caliber 90S5,miyota-caliber-90s5,Automatic,
Longines Caliber L704.2,longines-caliber-l704-2,Automatic,
ETA Caliber 2525,eta-caliber-2525,Automatic,
Miyota Caliber 9029,miyota-caliber-9029,Automatic,
ETA 2500 Series,eta-2500-series,Automatic,
Miyota (Citizen) Caliber 8204,miyota-caliber-8204,Automatic,
Audemars Piguet Caliber 2225,audemars-piguet-caliber-2225,Automatic,
Poljot Caliber 2416 “Kosmos”,poljot-caliber-2416-kosmos,Automatic,
GoS Caliber GOS03,gos-caliber-gos03,Automatic,
A. Schild Caliber AS 1361N,a-schild-caliber-as-1361n,Automatic,
Omega Caliber 3888,omega-caliber-3888,Automatic,
Orient Caliber F6B24,orient-caliber-f6b24,Automatic,
Seiko (SII) Caliber NH36,seiko-caliber-nh36,Automatic,
NOMOS Caliber DUW 5001,nomos-caliber-duw-5001,Automatic,
Tudor Caliber T603,tudor-caliber-t603,Automatic,
ETA Caliber 2813?,eta-caliber-2813,Automatic,
Custom Airplane Rotor on a Miyota 8218 in an AVI-8 Watch,custom-airplane-rotor-miyota-8218-avi8-watch,Automatic,
ETA Caliber C07.621,eta-caliber-c07-621,Automatic,
Orient Caliber F6724,orient-caliber-f6724,Automatic,
Seiko Caliber 6R35A,seiko-caliber-6r35a,Automatic,
Seiko Caliber 4R57,seiko-caliber-4r57,Automatic,
Titoni Caliber T10,titoni-caliber-t10,Automatic,
ETA Caliber 2842-2,eta-caliber-2842-2,Automatic,
Seiko (SII) Caliber NH71A,seiko-caliber-nh71,Automatic,
Seiko (SII) Caliber NH70A,seiko-caliber-nh70a,Automatic,
ETA Valgranges Caliber A07.211,eta-valgranges-caliber-a07-211,Automatic,
Seiko Caliber 8L55,seiko-caliber-8l55,Automatic,
Seiko Caliber 8L35,seiko-caliber-8l35,Automatic,
Hublot Caliber HUB1280 (Unico 2),hublot-caliber-hub1280,Automatic,
Audemars Piguet Caliber AP 3120,audemars-piguet-caliber-ap-3120,Automatic,
Soprod Caliber A10,soprod-caliber-a10,Automatic,
Norqain Caliber NN08,norqain-caliber-nn08,Automatic,
Seagull Caliber ST25,seagull-caliber-st25,Automatic,
Ingersoll Caliber 219A,ingersoll-caliber-219a,Automatic,
Ball Caliber RR1103,ball-caliber-rr1103,Automatic,
Sellita Caliber SW330-1,sellita-caliber-sw330-1,Automatic,
Seiko Caliber 6R35,seiko-caliber-6r35,Automatic,
Monta Caliber M-23,monta-caliber-m-23,Automatic,
Zeitwinkel Caliber ZW0103,zeitwinkel-caliber-zw0103,Automatic,
Soprod Caliber M100,soprod-caliber-m100,Automatic,
Seiko Caliber 6308A,seiko-caliber-6308a,Automatic,
Ruben & Sons caliber MD3G,ruben-and-sons-caliber-md3g,Automatic,
Norqain Caliber NN201,norqain-caliber-nn20-1/,Automatic,
Norqain Caliber NN202,norqain-caliber-nn20-2/,Automatic,
ETA 2824-2 Clones,eta-2824-clones,Automatic,
H.K. Precision Technology Caliber PT5000,hk-precision-technology-caliber-pt5000,Automatic,
Seiko (SII) Caliber NH25A,seiko-caliber-nh25a,Automatic,
Hamilton caliber H-10-S,hamilton-caliber-h-10-s,Automatic,
Miyota Caliber 9039,miyota-caliber-9039,Automatic,
Grand Seiko Caliber 9S86,grand-seiko-caliber-9s86,Automatic,
Hamilton Caliber H-10,hamilton-caliber-h-10,Automatic,
Miyota Caliber 83S0,miyota-caliber-83s0,Automatic,
Norqain Caliber NN09,norqain-caliber-nn09,Automatic,
Seiko Caliber 2906A,seiko-caliber-2906a,Automatic,
Oris Caliber 733,oris-caliber-733,Automatic,
Orient Caliber F6722,orient-caliber-f6722,Automatic,
VAULT Caliber V01,vault-caliber-v01,Automatic,
SwissTP Caliber STP1-11,stp-caliber-stp1-11,Automatic,
Maurice Lacroix Caliber ML 115,maurice-lacroix-caliber-ml115,Automatic,
ETA Caliber 2523,eta-caliber-2523,Automatic,
Armand Nicolet Caliber AN2846-9,armand-nicolet-caliber-an2846-9,Automatic,
Ginault Caliber 7275,ginault-caliber-7275,Automatic,
Seiko Caliber 6R15,seiko-caliber-6r15,Automatic,
SII (Seiko Instruments) Caliber NE15B,seiko-caliber-ne15b,Automatic,
Seiko Caliber 4R36,seiko-caliber-4r36,Automatic,
Orient Caliber F6922,orient-caliber-f6922,Automatic,
Tissot Caliber Powermatic 80,tissot-caliber-powermatic-80,Automatic,
INTER T SA Caliber IT10,inter-t-sa-caliber-it10,Automatic,
Omega Caliber 570,omega-caliber-570,Automatic,
DandongPeacock caliber SL-3006,dandong-peacock-caliber-sl-3006/,Automatic,
A. Schild Caliber AS 1580,a-schild-caliber-as-1580,Automatic,
Sellita Caliber SW200-1,sellita-caliber-sw200-1,Automatic,
Ingersoll Caliber 520,ingersoll-caliber-520,Automatic,
Omega Caliber 571,omega-caliber-571-2,Automatic,
Breitling Caliber B35,breitling-caliber-b35,Automatic,
Seiko Caliber 4R35,seiko-caliber-4r35,Automatic,
Ingersoll Caliber 619,ingersoll-caliber-619,Automatic,
Oris Caliber 732,oris-caliber-732,Automatic,
Miyota Caliber 9100,miyota-caliber-9100,Automatic,
Hublot Caliber UNICO HUB1241,hublot-caliber-unico-hub1241,Automatic,
Tudor Caliber MT5612,tudor-caliber-mt5612,Automatic,
Seiko Caliber 4R35A,seiko-caliber-4r35a,Automatic,
Citizen Caliber 8213,citizen-caliber-8213,Automatic,
Bulgari Caliber 220,bulgari-caliber-220,Automatic,
Graham Caliber G1749,graham-caliber-g1749,Automatic,
Omega Caliber 8521,omega-caliber-8521,Automatic,
Montblanc Caliber 4810-502,montblanc-caliber-4810-502,Automatic,
Ingersoll Caliber 523,ingersoll-caliber-523,Automatic,
Ingersoll Caliber 735,ingersoll-caliber-735,Automatic,
Urwerk Caliber UR-9.01,urwerk-caliber-ur-9-01,Automatic,
Rolex Caliber 3285,rolex-caliber-3285,Automatic,
ETAValjoux Caliber 7753,eta-caliber-7753/,Automatic,
Ingersoll Caliber 416,ingersoll-caliber-416,Automatic,
Miyota Caliber 82S7,miyota-caliber-82s7,Automatic,
Vaucher Fleurier Caliber SEED VMF 5401,vaucher-fleurier-caliber-seed-vmf-5401,Automatic,
Rolex Caliber 1570,rolex-caliber-1570,Automatic,
Seiko (SII) Caliber NH37A,seiko-caliber-nh37a,Automatic,
Seiko Caliber 6117B,seiko-caliber-6117b,Automatic,
Zenith Caliber 4000SC,zenith-caliber-4000sc,Automatic,
Miyota Caliber 82S5,miyota-caliber-82s5,Automatic,
Miyota Caliber 82S0,miyota-caliber-82s0,Automatic,
Seagull Caliber TY2806,seagull-caliber-ty2806,Automatic,
ETA Caliber C15.111,eta-caliber-c15-111,Automatic,
Seiko Caliber 5R65,seiko-caliber-5r65,Automatic,
Seiko (SII) Caliber NH05A,seiko-sii-caliber-nh05a,Automatic,
Omega Caliber 8508,omega-caliber-8508,Automatic,
Tag Heuer Caliber 6,tag-heuer-caliber-6,Automatic,
Soprod Caliber C125,soprod-caliber-c125,Automatic,
Seiko Caliber 7S36,seiko-caliber-7s36,Automatic,
Tianjin Seagull Caliber ST16,tianjin-seagull-caliber-st16,Automatic,
Hamilton Caliber H-21,hamilton-caliber-h-21,Automatic,
Ulysse Nardin Caliber UN-22,ulysse-nardin-caliber-un-22,Automatic,
ETA Valgranges Caliber A07.161,eta-valgranges-caliber-a07-161,Automatic,
Tudor Caliber MT5602,tudor-caliber-mt5602,Automatic,
Longines Caliber L619,longines-caliber-l619,Automatic,
Rolex Caliber 3000,rolex-caliber-3000,Automatic,
Panerai Caliber P.9002,panerai-caliber-p-9002,Automatic,
Tag Heuer Calibre 5,tag-heuer-caliber-5,Automatic,
Glycine Caliber GL224,glycine-caliber-gl-224,Automatic,
Rolex Caliber 3235,rolex-caliber-3235,Automatic,
Rolex Caliber 4161,rolex-caliber-4161,Automatic,
IWC Caliber 79350,iwc-caliber-79350,Automatic,
Seiko Caliber 6309,seiko-caliber-6309,Automatic,
Sellita Caliber SW300-1,sellita-caliber-sw300-1,Automatic,
Sjöö Sandström Caliber SS G4,sjoo-sandstrom-caliber-ss-g4,Automatic,
Miyota Caliber 8217,miyota-caliber-8217,Automatic,
Seiko Caliber 6R27,seiko-caliber-6r27,Automatic,
ETA Caliber 7754,eta-caliber-7754,Automatic,
Seiko Caliber 7S26,seiko-caliber-7s26,Automatic,
Seiko (SII) Caliber NH38A,seiko-sii-caliber-nh38a,Automatic,
ETA Caliber 2893-2,eta-caliber-2893-2,Automatic,
ETAValjoux Caliber 7751,eta-valjoux-caliber-7751/,Automatic,
Omega Caliber 3304,omega-caliber-3304,Automatic,
Miyota Caliber 821A,miyota-caliber-821a,Automatic,
Sellita Caliber SW200,sellita-caliber-sw200,Automatic,
ETA Caliber 2824-2,eta-caliber-2824-2,Automatic,
Panerai Caliber P.4000,panerai-caliber-p-4000,Automatic,
Ingersoll Caliber 886,ingersoll-caliber-886,Automatic,
Longines Caliber L595,longines-caliber-l595,Automatic,
Glashutte Original Caliber GO 90,glashutte-original-caliber-go-90,Automatic,
Rolex Caliber 3255,rolex-caliber-3255,Automatic,
Swatch Caliber Sistem51,swatch-caliber-sistem51,Automatic,
Miyota Caliber 8218,miyota-caliber-8218,Automatic,
Alpina Caliber AL-725,alpina-caliber-al-725,Automatic,
Ingersoll Caliber 432,ingersoll-caliber-432,Automatic,
Maurice Lacroix Caliber ML-112,maurice-lacroix-caliber-ml-112,Automatic,
Rolex Caliber 4130,rolex-caliber-4130,Automatic,
Jean Marcel Caliber JM A05,jean-marcel-caliber-jm-a05,Automatic,
Glashutte Original Caliber GO 100,glashutte-original-caliber-go-100,Automatic,
Glycine Caliber GL 754,glycine-caliber-gl-754,Automatic,
Ulysse Nardin Caliber UN118,ulysse-nardin-caliber-un-118,Automatic,
Tudor Caliber MT5621,tudor-caliber-mt5621,Automatic,
ETA Caliber 2671,eta-caliber-2671,Automatic,
ETA Caliber 2094,eta-caliber-2094,Automatic,
ETAValjoux Caliber 7750,eta-valjoux-caliber-7750/,Automatic,
Omega Caliber 8605,omega-caliber-8605,Automatic,
Ingersoll Caliber 419,ingersoll-caliber-419,Automatic,
Oris Caliber 743,oris-caliber-743,Automatic,
Ball Watch Caliber 2050,ball-watch-caliber-2050,Automatic,
Grand Seiko Caliber 9S85,grand-seiko-caliber-9s85,Automatic,
Stuhrling Caliber ST-90050,stuhrling-caliber-st-90050,Automatic,
Omega Caliber 9300,omega-caliber-9300,Automatic,
Grand Seiko Caliber 9S65,grand-seiko-caliber-9s65,Automatic,
Omega Caliber 8520,omega-caliber-8520,Automatic,
Chronoswiss Caliber C122,chronoswiss-caliber-c122,Automatic,
Cartier Caliber 049,cartier-caliber-049,Automatic,
ETA Caliber 2892A2,eta-caliber-2892-a2,Automatic,
Miyota Caliber 9015,miyota-caliber-9015,Automatic,
Seiko Caliber 6139B,seiko-caliber-6139b,Automatic,
ETA Valgranges Caliber A07.171,eta-valgranges-caliber-a07-171,Automatic,
Frederique Constant Caliber FC-303,frederique-constant-caliber-fc-303,Automatic,
Seagull Caliber TY-802,seagull-caliber-ty-802,Automatic,
Ingersoll Caliber 526,ingersoll-caliber-526,Automatic,
Seiko Caliber 6R21,seiko-caliber-6r21,Automatic,
Breitling Caliber B04,breitling-caliber-b04,Automatic,
Oris Caliber 735,oris-caliber-735,Automatic,
U-Boat Caliber U-28,u-boat-caliber-u-28,Automatic,
Alpina Caliber AL-880,alpina-caliber-al-880,Automatic,
Girard Perregaux Caliber GP 3387,girard-perregaux-caliber-gp-3387,Automatic,
Ebel Caliber 134,ebel-caliber-134,Automatic,
Oris Caliber 677,oris-caliber-677,Automatic,
Miyota Caliber 8215,miyota-caliber-8215,Automatic,
Seiko (SII) Caliber NH35A,seiko-caliber-nh35a,Automatic,
Seiko Caliber 7002A,seiko-caliber-7002a,Automatic,
Maurice Lacroix Caliber ML 191,maurice-lacroix-caliber-ml-191,Automatic,
Felsa Caliber 693,felsa-caliber-693,Automatic,
ETA Caliber 2836-2,eta-caliber-2836-2,Automatic,
Omega Caliber 551,omega-caliber-551,Automatic,
Tag Heuer Caliber 36,tag-heuer-caliber-36,Automatic,
Seiko Caliber 9R86,seiko-caliber-9r86,Automatic,
Seiko Caliber 8R28,seiko-caliber-8r28,Automatic,
Hamilton Caliber H31,hamilton-caliber-h31,Automatic,
Grand Seiko Caliber 9S66,grand-seiko-caliber-9s66,Automatic,
Omega Caliber 8500,omega-caliber-8500,Automatic,
TAG Heuer Caliber 1887,tag-heuer-caliber-1887,Automatic,
Ingersoll Caliber IN 422A,ingersoll-caliber-in-422a,Automatic,
Panerai Caliber P.9000,panerai-caliber-p-9000,Automatic,
Franck Muller Caliber FM 7003,franck-muller-caliber-fm-7003,Automatic,
Jaeger-LeCoultre Caliber JLC 8892,jaeger-lecoultre-caliber-jlc-8892/,Automatic,
Rolex Caliber 3135,rolex-caliber-3135,Automatic,
Nord Zeitmaschine Caliber NORD N3,nord-zeitmaschine-caliber-n3,Automatic,
Glashutte Original Caliber GO 39-50,glashutte-original-caliber-go-39,Automatic,
IWC Caliber 7922,iwc-caliber-7922,Automatic,
Miyota Caliber 6N10,miyota-caliber-6n10,Automatic,
IWC Caliber 69385,iwc-caliber-69385,Automatic,
Longines Caliber L157,longines-caliber-l157,Automatic,
ETA Caliber 255.112,eta-caliber-255-112,Automatic,
